<w>
  <wpn_crosshair x="0" y="0" width="1024" height="768">
    <auto_static x="0" y="0" width="1024" height="768" stretch="1">
      <texture>wpn_crosshair</texture>
    </auto_static>
  </wpn_crosshair>
  
  <wpn_crosshair_red x="0" y="0" width="1024" height="768">
    <auto_static x="0" y="0" width="1024" height="768" stretch="1">
      <texture>wpn_crosshair_red</texture>
    </auto_static>
  </wpn_crosshair_red> 
  
    <wpn_crosshair_fn2000 x="0" y="0" width="1024" height="768">
    <auto_static x="0" y="0" width="1024" height="768" stretch="1">
      <texture>wpn_crosshair_fn2000</texture>
    </auto_static>
  </wpn_crosshair_fn2000>
  
  <wpn_crosshair_white x="0" y="0" width="1024" height="768">
    <auto_static x="0" y="0" width="1024" height="768" stretch="1">
      <texture>wpn_crosshair_white</texture>
    </auto_static>
  </wpn_crosshair_white> 
  
  <wpn_crosshair_np1 x="0" y="0" width="1024" height="768">
    <auto_static x="0" y="0" width="1024" height="768" stretch="1">
      <texture>wpn_crosshair_np1</texture>
    </auto_static>
  </wpn_crosshair_np1>   
  
  <wpn_crosshair_acog x="0" y="0" width="1024" height="768">
    <auto_static x="0" y="0" width="1024" height="768" stretch="1">
      <texture>wpn_crosshair_acog</texture>
    </auto_static>
  </wpn_crosshair_acog>

  <wpn_crosshair_l85 x="0" y="0" width="1024" height="768">
    <auto_static x="0" y="0" width="1024" height="768" stretch="1">
      <texture>wpn_crosshair_l85</texture>
    </auto_static>
  </wpn_crosshair_l85>

  <wpn_crosshair_l85_2 x="0" y="0" width="1024" height="768">
    <auto_static x="0" y="0" width="1024" height="768" stretch="1">
      <texture>wpn_crosshair_l85_2</texture>
    </auto_static>
  </wpn_crosshair_l85_2>
  
  <wpn_crosshair_g36 x="0" y="0" width="1024" height="768">
    <auto_static x="0" y="0" width="1024" height="768" stretch="1">
      <texture>wpn_crosshair_g36</texture>
    </auto_static>
  </wpn_crosshair_g36>
  
  <wpn_crosshair_g36_2 x="0" y="0" width="1024" height="768">
    <auto_static x="0" y="0" width="1024" height="768" stretch="1">
      <texture>wpn_crosshair_g36_2</texture>
    </auto_static>
  </wpn_crosshair_g36_2>

  <wpn_crosshair_rpg x="0" y="0" width="1024" height="768">
    <auto_static x="0" y="0" width="1024" height="768" stretch="1">
      <texture>wpn_crosshair_rpg</texture>
    </auto_static>
  </wpn_crosshair_rpg>
  
  <wpn_dot x="0" y="0" width="1024" height="768">
    <auto_static x="0" y="0" width="1024" height="768" stretch="1">
      <texture>wpn_dot</texture>
    </auto_static>
  </wpn_dot>

  <wpn_dot2 x="0" y="0" width="1024" height="768">
    <auto_static x="0" y="0" width="1024" height="768" stretch="1">
      <texture>wpn_dot2</texture>
    </auto_static>
  </wpn_dot2>  
  
  <wpn_dot3 x="0" y="0" width="1024" height="768">
    <auto_static x="0" y="0" width="1024" height="768" stretch="1">
      <texture>wpn_dot3</texture>
    </auto_static>
  </wpn_dot3>  

  <wpn_dot4 x="0" y="0" width="1024" height="768">
    <auto_static x="0" y="0" width="1024" height="768" stretch="1">
      <texture>wpn_dot4</texture>
    </auto_static>
  </wpn_dot4>    
 
  <wpn_dot5 x="0" y="0" width="1024" height="768">
    <auto_static x="0" y="0" width="1024" height="768" stretch="1">
      <texture>wpn_dot5</texture>
    </auto_static>
  </wpn_dot5>  

  <wpn_crosshair_bino x="0" y="0" width="1024" height="768">
    <auto_static x="0" y="0" width="1024" height="768" stretch="1">
      <texture>wpn_crosshair_bino</texture>
    </auto_static>
  </wpn_crosshair_bino>
</w>

